uprn,postcode,status,bduk_recognised_premises,subsidy_control_status,current_gigabit,future_gigabit,bduk_vouchers,voucher_supplier,bduk_gis,gis_supplier,gis_final_coverage_date,gis_contract_scope,gis_contract_name,subsidy_note
30129155,TA11 6AT,Not planned,true,Gigabit White,false,false,false,,false,,,,,eligible for public subsidy
30129156,TA11 6AT,Not planned,true,Gigabit White,false,false,false,,false,,,,,eligible for public subsidy
30129157,TA11 6AT,Not planned,true,Gigabit White,false,false,false,,false,,,,,eligible for public subsidy
30129158,TA11 6AT,Not planned,true,Gigabit White,false,false,false,,false,,,,,eligible for public subsidy
30129159,TA11 6AT,Not planned,true,Gigabit White,false,false,false,,false,,,,,eligible for public subsidy
30127384,TA11 6BF,Not planned,true,Gigabit White,false,false,false,,false,,,,,eligible for public subsidy
30127385,TA11 6BF,Not planned,true,Gigabit White,false,false,false,,false,,,,,eligible for public subsidy
30127386,TA11 6BF,Not planned,true,Gigabit White,false,false,false,,false,,,,,eligible for public subsidy
30127387,TA11 6BF,Not planned,true,Gigabit White,false,false,false,,false,,,,,eligible for public subsidy
30012445,TA11 6BJ,Available now,true,Gigabit Grey/Black,true,false,true,Openreach Limited,false,,,,,
30012524,TA11 6BL,Not planned,true,Gigabit White,false,false,false,,false,,,,,eligible for public subsidy
30012432,TA11 6BN,Not planned,true,Gigabit White,false,false,false,,false,,,,,eligible for public subsidy
30083385,TA11 6BN,Not planned,true,Gigabit White,false,false,false,,false,,,,,eligible for public subsidy
30512096,TA11 6BN,Not planned,true,Gigabit White,false,false,false,,false,,,,,eligible for public subsidy
30512102,TA11 6BN,Not planned,true,Gigabit White,false,false,false,,false,,,,,eligible for public subsidy
30012446,TA11 6BP,Not planned,true,Gigabit White,false,false,false,,false,,,,,eligible for public subsidy
30012447,TA11 6BP,Not planned,true,Gigabit White,false,false,false,,false,,,,,eligible for public subsidy
30012515,TA11 6BP,Not planned,true,Gigabit White,false,false,false,,false,,,,,eligible for public subsidy
30012516,TA11 6BP,Not planned,true,Gigabit White,false,false,false,,false,,,,,eligible for public subsidy
30012517,TA11 6BP,Not planned,true,Gigabit White,false,false,false,,false,,,,,eligible for public subsidy
30081211,TA11 6BP,Not planned,true,Gigabit White,false,false,false,,false,,,,,eligible for public subsidy
30012429,TA11 6BS,Not planned,true,Gigabit White,false,false,false,,false,,,,,eligible for public subsidy
30012437,TA11 6BS,Not planned,true,Gigabit White,false,false,false,,false,,,,,eligible for public subsidy
30012438,TA11 6BS,Not planned,true,Gigabit White,false,false,false,,false,,,,,eligible for public subsidy
30012439,TA11 6BS,Not planned,true,Gigabit White,false,false,false,,false,,,,,eligible for public subsidy
30012440,TA11 6BS,Not planned,true,Gigabit White,false,false,false,,false,,,,,eligible for public subsidy
30012441,TA11 6BS,Not planned,true,Gigabit White,false,false,false,,false,,,,,eligible for public subsidy
30012442,TA11 6BS,Not planned,true,Gigabit White,false,false,false,,false,,,,,eligible for public subsidy
30012443,TA11 6BS,Not planned,true,Gigabit White,false,false,false,,false,,,,,eligible for public subsidy
30012444,TA11 6BS,Not planned,true,Gigabit White,false,false,false,,false,,,,,eligible for public subsidy
30012449,TA11 6BS,Not planned,true,Gigabit White,false,false,false,,false,,,,,eligible for public subsidy
30012451,TA11 6BS,Not planned,true,Gigabit White,false,false,false,,false,,,,,eligible for public subsidy
30012452,TA11 6BS,Not planned,true,Gigabit White,false,false,false,,false,,,,,eligible for public subsidy
30012453,TA11 6BS,Not planned,true,Gigabit White,false,false,false,,false,,,,,eligible for public subsidy
30012454,TA11 6BS,Not planned,true,Gigabit White,false,false,false,,false,,,,,eligible for public subsidy
30012455,TA11 6BS,Not planned,true,Gigabit White,false,false,false,,false,,,,,eligible for public subsidy
30012480,TA11 6BS,Not planned,true,Gigabit White,false,false,false,,false,,,,,eligible for public subsidy
30012481,TA11 6BS,Not planned,true,Gigabit White,false,false,false,,false,,,,,eligible for public subsidy
30012496,TA11 6BS,Not planned,true,Gigabit White,false,false,false,,false,,,,,eligible for public subsidy
30012518,TA11 6BS,Available now,true,Gigabit Grey/Black,true,false,false,,false,,,,,
30100183,TA11 6BS,Not planned,true,Gigabit White,false,false,false,,false,,,,,eligible for public subsidy
30516745,TA11 6BS,Not planned,true,Gigabit White,false,false,false,,false,,,,,eligible for public subsidy
30012427,TA11 6BU,Not planned,true,Gigabit White,false,false,false,,false,,,,,eligible for public subsidy
30012482,TA11 6BU,Not planned,true,Gigabit White,false,false,false,,false,,,,,eligible for public subsidy
30012491,TA11 6BU,Not planned,true,Gigabit White,false,false,false,,false,,,,,eligible for public subsidy
30012492,TA11 6BU,Not planned,true,Gigabit White,false,false,false,,false,,,,,eligible for public subsidy
30012502,TA11 6BU,Not planned,true,Gigabit White,false,false,false,,false,,,,,eligible for public subsidy
30012503,TA11 6BU,Not planned,true,Gigabit White,false,false,false,,false,,,,,eligible for public subsidy
30012505,TA11 6BU,Not planned,true,Gigabit White,false,false,false,,false,,,,,eligible for public subsidy
30012512,TA11 6BU,Not planned,true,Gigabit White,false,false,false,,false,,,,,eligible for public subsidy
30012519,TA11 6BU,Not planned,true,Gigabit White,false,false,false,,false,,,,,eligible for public subsidy
30012520,TA11 6BU,Not planned,true,Gigabit White,false,false,false,,false,,,,,eligible for public subsidy
30012521,TA11 6BU,Not planned,true,Gigabit White,false,false,false,,false,,,,,eligible for public subsidy
30012522,TA11 6BU,Not planned,true,Gigabit White,false,false,false,,false,,,,,eligible for public subsidy
30012834,TA11 6BU,Not planned,true,Gigabit White,false,false,false,,false,,,,,eligible for public subsidy
30012835,TA11 6BU,Not planned,true,Gigabit White,false,false,false,,false,,,,,eligible for public subsidy
30012836,TA11 6BU,Not planned,true,Gigabit White,false,false,false,,false,,,,,eligible for public subsidy
30012837,TA11 6BU,Not planned,true,Gigabit White,false,false,false,,false,,,,,eligible for public subsidy
30012838,TA11 6BU,Not planned,true,Gigabit White,false,false,false,,false,,,,,eligible for public subsidy
30012839,TA11 6BU,Not planned,true,Gigabit White,false,false,false,,false,,,,,eligible for public subsidy
30012840,TA11 6BU,Not planned,true,Gigabit White,false,false,false,,false,,,,,eligible for public subsidy
30012841,TA11 6BU,Not planned,true,Gigabit White,false,false,false,,false,,,,,eligible for public subsidy
30081209,TA11 6BU,Not planned,true,Gigabit White,false,false,false,,false,,,,,eligible for public subsidy
30095201,TA11 6BU,Not planned,true,Gigabit White,false,false,false,,false,,,,,eligible for public subsidy
30097003,TA11 6BU,Not planned,true,Gigabit White,false,false,false,,false,,,,,eligible for public subsidy
30130061,TA11 6BU,Not planned,true,Gigabit White,false,false,false,,false,,,,,eligible for public subsidy
30515387,TA11 6BU,Not planned,true,Gigabit White,false,false,false,,false,,,,,eligible for public subsidy
30526259,TA11 6BU,Not planned,true,Gigabit White,false,false,false,,false,,,,,eligible for public subsidy
30012456,TA11 6BW,Not planned,true,Gigabit White,false,false,false,,false,,,,,eligible for public subsidy
30012457,TA11 6BW,Not planned,true,Gigabit White,false,false,false,,false,,,,,eligible for public subsidy
30012458,TA11 6BW,Not planned,true,Gigabit White,false,false,false,,false,,,,,eligible for public subsidy
30012459,TA11 6BW,Not planned,true,Gigabit White,false,false,false,,false,,,,,eligible for public subsidy
30012460,TA11 6BW,Not planned,true,Gigabit White,false,false,false,,false,,,,,eligible for public subsidy
30012483,TA11 6BW,Not planned,true,Gigabit White,false,false,false,,false,,,,,eligible for public subsidy
30012493,TA11 6BW,Not planned,true,Gigabit White,false,false,false,,false,,,,,eligible for public subsidy
30012504,TA11 6BW,Not planned,true,Gigabit White,false,false,false,,false,,,,,eligible for public subsidy
30012513,TA11 6BW,Not planned,true,Gigabit White,false,false,false,,false,,,,,eligible for public subsidy
30012523,TA11 6BW,Not planned,true,Gigabit White,false,false,false,,false,,,,,eligible for public subsidy
30089618,TA11 6BW,Not planned,true,Gigabit White,false,false,false,,false,,,,,eligible for public subsidy
30012484,TA11 6BX,Not planned,true,Gigabit White,false,false,false,,false,,,,,eligible for public subsidy
30012485,TA11 6BX,Not planned,true,Gigabit White,false,false,false,,false,,,,,eligible for public subsidy
30012338,TA11 6BY,Not planned,true,Gigabit White,false,false,false,,false,,,,,eligible for public subsidy
30012339,TA11 6BY,Not planned,true,Gigabit White,false,false,false,,false,,,,,eligible for public subsidy
30012340,TA11 6BY,Not planned,true,Gigabit White,false,false,false,,false,,,,,eligible for public subsidy
30012341,TA11 6BY,Not planned,true,Gigabit White,false,false,false,,false,,,,,eligible for public subsidy
30012342,TA11 6BY,Not planned,true,Gigabit White,false,false,false,,false,,,,,eligible for public subsidy
30012343,TA11 6BY,Not planned,true,Gigabit White,false,false,false,,false,,,,,eligible for public subsidy
30012358,TA11 6BY,Not planned,true,Gigabit White,false,false,false,,false,,,,,eligible for public subsidy
30012386,TA11 6BY,Not planned,true,Gigabit White,false,false,false,,false,,,,,eligible for public subsidy
30012387,TA11 6BY,Not planned,true,Gigabit White,false,false,false,,false,,,,,eligible for public subsidy
30012388,TA11 6BY,Not planned,true,Gigabit White,false,false,false,,false,,,,,eligible for public subsidy
30012389,TA11 6BY,Not planned,true,Gigabit White,false,false,false,,false,,,,,eligible for public subsidy
30127388,TA11 6BY,Not planned,true,Gigabit White,false,false,false,,false,,,,,eligible for public subsidy
30127389,TA11 6BY,Not planned,true,Gigabit White,false,false,false,,false,,,,,eligible for public subsidy
30127390,TA11 6BY,Not planned,true,Gigabit White,false,false,false,,false,,,,,eligible for public subsidy
30127391,TA11 6BY,Not planned,true,Gigabit White,false,false,false,,false,,,,,eligible for public subsidy
30127392,TA11 6BY,Not planned,true,Gigabit White,false,false,false,,false,,,,,eligible for public subsidy
30127393,TA11 6BY,Not planned,true,Gigabit White,false,false,false,,false,,,,,eligible for public subsidy
30127394,TA11 6BY,Not planned,true,Gigabit White,false,false,false,,false,,,,,eligible for public subsidy
30127395,TA11 6BY,Not planned,true,Gigabit White,false,false,false,,false,,,,,eligible for public subsidy
30127396,TA11 6BY,Not planned,true,Gigabit White,false,false,false,,false,,,,,eligible for public subsidy
30012335,TA11 6BZ,Not planned,true,Gigabit White,false,false,false,,false,,,,,eligible for public subsidy
30012350,TA11 6BZ,Not planned,true,Gigabit White,false,false,false,,false,,,,,eligible for public subsidy
30012351,TA11 6BZ,Not planned,true,Gigabit White,false,false,false,,false,,,,,eligible for public subsidy
30012360,TA11 6BZ,Not planned,true,Gigabit White,false,false,false,,false,,,,,eligible for public subsidy
30012411,TA11 6BZ,Not planned,true,Gigabit White,false,false,false,,false,,,,,eligible for public subsidy
30012415,TA11 6BZ,Not planned,true,Gigabit White,false,false,false,,false,,,,,eligible for public subsidy
30012461,TA11 6BZ,Not planned,true,Gigabit White,false,false,false,,false,,,,,eligible for public subsidy
30012462,TA11 6BZ,Not planned,true,Gigabit White,false,false,false,,false,,,,,eligible for public subsidy
30012805,TA11 6BZ,Not planned,true,Gigabit White,false,false,false,,false,,,,,eligible for public subsidy
30012827,TA11 6BZ,Not planned,true,Gigabit White,false,false,false,,false,,,,,eligible for public subsidy
30012828,TA11 6BZ,Not planned,true,Gigabit White,false,false,false,,false,,,,,eligible for public subsidy
30012829,TA11 6BZ,Not planned,true,Gigabit White,false,false,false,,false,,,,,eligible for public subsidy
30012832,TA11 6BZ,Not planned,true,Gigabit White,false,false,false,,false,,,,,eligible for public subsidy
30077917,TA11 6BZ,Not planned,true,Gigabit White,false,false,false,,false,,,,,eligible for public subsidy
30081223,TA11 6BZ,Not planned,true,Gigabit White,false,false,false,,false,,,,,eligible for public subsidy
30095559,TA11 6BZ,Not planned,true,Gigabit White,false,false,false,,false,,,,,eligible for public subsidy
30139240,TA11 6BZ,Not planned,true,Gigabit White,false,false,false,,false,,,,,eligible for public subsidy
30512122,TA11 6BZ,Not planned,true,Gigabit White,false,false,false,,false,,,,,eligible for public subsidy
100040992062,TA11 6BZ,Not planned,true,Gigabit White,false,false,false,,false,,,,,eligible for public subsidy
100040992065,TA11 6BZ,Not planned,true,Gigabit White,false,false,false,,false,,,,,eligible for public subsidy
100040992071,TA11 6BZ,Not planned,true,Gigabit White,false,false,false,,false,,,,,eligible for public subsidy
100040992072,TA11 6BZ,Not planned,true,Gigabit White,false,false,false,,false,,,,,eligible for public subsidy
100041173453,TA11 6BZ,Not planned,true,Gigabit White,false,false,false,,false,,,,,eligible for public subsidy
100041173549,TA11 6BZ,Not planned,true,Gigabit White,false,false,false,,false,,,,,eligible for public subsidy
30012806,TA11 6DA,Not planned,true,Gigabit White,false,false,false,,false,,,,,eligible for public subsidy
30012807,TA11 6DA,Not planned,true,Gigabit White,false,false,false,,false,,,,,eligible for public subsidy
30012808,TA11 6DA,Not planned,true,Gigabit White,false,false,false,,false,,,,,eligible for public subsidy
30012809,TA11 6DA,Not planned,true,Gigabit White,false,false,false,,false,,,,,eligible for public subsidy
30012810,TA11 6DA,Available now,true,Gigabit Grey/Black,true,false,false,,false,,,,,
30012811,TA11 6DA,Not planned,true,Gigabit White,false,false,false,,false,,,,,eligible for public subsidy
30012812,TA11 6DA,Not planned,true,Gigabit White,false,false,false,,false,,,,,eligible for public subsidy
30012813,TA11 6DA,Not planned,true,Gigabit White,false,false,false,,false,,,,,eligible for public subsidy
30012815,TA11 6DA,Not planned,true,Gigabit White,false,false,false,,false,,,,,eligible for public subsidy
30012816,TA11 6DA,Not planned,true,Gigabit White,false,false,false,,false,,,,,eligible for public subsidy
30012822,TA11 6DA,Not planned,true,Gigabit White,false,false,false,,false,,,,,eligible for public subsidy
30012824,TA11 6DA,Not planned,true,Gigabit White,false,false,false,,false,,,,,eligible for public subsidy
30012830,TA11 6DA,Not planned,true,Gigabit White,false,false,false,,false,,,,,eligible for public subsidy
30098793,TA11 6DA,Available now,true,Gigabit Grey/Black,true,false,false,,false,,,,,
30122535,TA11 6DA,Not planned,true,Gigabit White,false,false,false,,false,,,,,eligible for public subsidy
30125577,TA11 6DA,Not counted by BDUK,false,Gigabit White,false,false,false,,false,,,,,
30128059,TA11 6DA,Not planned,true,Gigabit White,false,false,false,,false,,,,,eligible for public subsidy
30128066,TA11 6DA,Not planned,true,Gigabit White,false,false,false,,false,,,,,eligible for public subsidy
30128067,TA11 6DA,Not planned,true,Gigabit White,false,false,false,,false,,,,,eligible for public subsidy
30132291,TA11 6DA,Not planned,true,Gigabit White,false,false,false,,false,,,,,eligible for public subsidy
30137946,TA11 6DA,Not planned,true,Gigabit White,false,false,false,,false,,,,,eligible for public subsidy
30137947,TA11 6DA,Not planned,true,Gigabit White,false,false,false,,false,,,,,eligible for public subsidy
10096608213,TA11 6DA,Available now,true,Gigabit Grey/Black,true,false,false,,false,,,,,
10096608214,TA11 6DA,Available now,true,Gigabit Grey/Black,true,false,false,,false,,,,,
10096608215,TA11 6DA,Available now,true,Gigabit Grey/Black,true,false,false,,false,,,,,
10096608216,TA11 6DA,Available now,true,Gigabit Grey/Black,true,false,false,,false,,,,,
10096608217,TA11 6DA,Available now,true,Gigabit Grey/Black,true,false,false,,false,,,,,
30012352,TA11 6DB,Not planned,true,Gigabit White,false,false,false,,false,,,,,eligible for public subsidy
30012353,TA11 6DB,Not planned,true,Gigabit White,false,false,false,,false,,,,,eligible for public subsidy
30012406,TA11 6DB,Planned – Project Gigabit,true,Gigabit Under Review,false,false,false,,true,Wessex Internet Ltd,2029-09-30,Initial,Dorset and South Somerset,
30012407,TA11 6DB,Planned – Project Gigabit,true,Gigabit Under Review,false,false,false,,true,Wessex Internet Ltd,2029-09-30,Initial,Dorset and South Somerset,
30081237,TA11 6DB,Not counted by BDUK,false,Gigabit White,false,false,false,,false,,,,,
30104241,TA11 6DB,Not planned,true,Gigabit White,false,false,false,,false,,,,,eligible for public subsidy
30104855,TA11 6DB,Not planned,true,Gigabit White,false,false,false,,false,,,,,eligible for public subsidy
10091847642,TA11 6DB,Not counted by BDUK,false,Gigabit White,false,false,false,,false,,,,,
30012354,TA11 6DD,Planned – Project Gigabit,true,Gigabit Under Review,false,false,false,,true,Wessex Internet Ltd,2029-09-30,Initial,Dorset and South Somerset,
30012355,TA11 6DD,Planned – Project Gigabit,true,Gigabit Under Review,false,false,false,,true,Wessex Internet Ltd,2029-09-30,Initial,Dorset and South Somerset,
30012356,TA11 6DD,Planned – Project Gigabit,true,Gigabit Under Review,false,false,false,,true,Wessex Internet Ltd,2029-09-30,Initial,Dorset and South Somerset,
30012817,TA11 6DD,Planned – Project Gigabit,true,Gigabit Under Review,false,false,false,,true,Wessex Internet Ltd,2029-09-30,Initial,Dorset and South Somerset,
30012818,TA11 6DD,Planned – Project Gigabit,true,Gigabit Under Review,false,false,false,,true,Wessex Internet Ltd,2029-09-30,Initial,Dorset and South Somerset,
30012819,TA11 6DD,Planned – Project Gigabit,true,Gigabit Under Review,false,false,false,,true,Wessex Internet Ltd,2029-09-30,Initial,Dorset and South Somerset,
30012820,TA11 6DD,Planned – Project Gigabit,true,Gigabit Under Review,false,false,false,,true,Wessex Internet Ltd,2029-09-30,Initial,Dorset and South Somerset,
30012821,TA11 6DD,Planned – Project Gigabit,true,Gigabit Under Review,false,false,false,,true,Wessex Internet Ltd,2029-09-30,Initial,Dorset and South Somerset,
30012823,TA11 6DD,Planned – Project Gigabit,true,Gigabit Under Review,false,false,false,,true,Wessex Internet Ltd,2029-09-30,Initial,Dorset and South Somerset,
30012826,TA11 6DD,Planned – Project Gigabit,true,Gigabit Under Review,false,false,false,,true,Wessex Internet Ltd,2029-09-30,Initial,Dorset and South Somerset,
30081240,TA11 6DD,Planned – Project Gigabit,true,Gigabit Under Review,false,false,false,,true,Wessex Internet Ltd,2029-09-30,Initial,Dorset and South Somerset,
30518284,TA11 6DD,Planned – Project Gigabit,true,Gigabit Under Review,false,false,false,,true,Wessex Internet Ltd,2029-09-30,Initial,Dorset and South Somerset,
30012357,TA11 6DE,Not planned,true,Gigabit White,false,false,false,,false,,,,,eligible for public subsidy
30012363,TA11 6DE,Not planned,true,Gigabit White,false,false,false,,false,,,,,eligible for public subsidy
30078783,TA11 6DE,Not planned,true,Gigabit White,false,false,false,,false,,,,,eligible for public subsidy
30081235,TA11 6DE,Not planned,true,Gigabit White,false,false,false,,false,,,,,eligible for public subsidy
30095904,TA11 6DE,Not planned,true,Gigabit White,false,false,false,,false,,,,,eligible for public subsidy
30512112,TA11 6DE,Not planned,true,Gigabit White,false,false,false,,false,,,,,eligible for public subsidy
30512119,TA11 6DE,Not planned,true,Gigabit White,false,false,false,,false,,,,,eligible for public subsidy
30522831,TA11 6DE,Not planned,true,Gigabit White,false,false,false,,false,,,,,eligible for public subsidy
30012243,TA11 6DF,Planned – Project Gigabit,true,Gigabit Under Review,false,false,false,,true,Wessex Internet Ltd,2029-09-30,Initial,Dorset and South Somerset,
30012245,TA11 6DF,Planned – Project Gigabit,true,Gigabit Under Review,false,false,false,,true,Wessex Internet Ltd,2029-09-30,Initial,Dorset and South Somerset,
30012246,TA11 6DF,Planned – Project Gigabit,true,Gigabit Under Review,false,false,false,,true,Wessex Internet Ltd,2029-09-30,Initial,Dorset and South Somerset,
30012247,TA11 6DF,Planned – Project Gigabit,true,Gigabit Under Review,false,false,false,,true,Wessex Internet Ltd,2029-09-30,Initial,Dorset and South Somerset,
30012248,TA11 6DF,Planned – Project Gigabit,true,Gigabit Under Review,false,false,false,,true,Wessex Internet Ltd,2029-09-30,Initial,Dorset and South Somerset,
30012249,TA11 6DF,Planned – Project Gigabit,true,Gigabit Under Review,false,false,false,,true,Wessex Internet Ltd,2029-09-30,Initial,Dorset and South Somerset,
30012332,TA11 6DF,Not planned,true,Gigabit White,false,false,false,,false,,,,,eligible for public subsidy
30012364,TA11 6DF,Not planned,true,Gigabit White,false,false,false,,false,,,,,eligible for public subsidy
30012365,TA11 6DF,Not planned,true,Gigabit White,false,false,false,,false,,,,,eligible for public subsidy
30012366,TA11 6DF,Not planned,true,Gigabit White,false,false,false,,false,,,,,eligible for public subsidy
30012367,TA11 6DF,Not planned,true,Gigabit White,false,false,false,,false,,,,,eligible for public subsidy
30012368,TA11 6DF,Planned – Project Gigabit,true,Gigabit Under Review,false,false,false,,true,Wessex Internet Ltd,2029-09-30,Initial,Dorset and South Somerset,
30012369,TA11 6DF,Not planned,true,Gigabit White,false,false,false,,false,,,,,eligible for public subsidy
30012370,TA11 6DF,Not planned,true,Gigabit White,false,false,false,,false,,,,,eligible for public subsidy
30012371,TA11 6DF,Not planned,true,Gigabit White,false,false,false,,false,,,,,eligible for public subsidy
30012372,TA11 6DF,Not planned,true,Gigabit White,false,false,false,,false,,,,,eligible for public subsidy
30012373,TA11 6DF,Not planned,true,Gigabit White,false,false,false,,false,,,,,eligible for public subsidy
30012375,TA11 6DF,Not planned,true,Gigabit White,false,false,false,,false,,,,,eligible for public subsidy
30012376,TA11 6DF,Not planned,true,Gigabit White,false,false,false,,false,,,,,eligible for public subsidy
30012377,TA11 6DF,Not planned,true,Gigabit White,false,false,false,,false,,,,,eligible for public subsidy
30012378,TA11 6DF,Not planned,true,Gigabit White,false,false,false,,false,,,,,eligible for public subsidy
30012379,TA11 6DF,Not planned,true,Gigabit White,false,false,false,,false,,,,,eligible for public subsidy
30012380,TA11 6DF,Not planned,true,Gigabit White,false,false,false,,false,,,,,eligible for public subsidy
30012381,TA11 6DF,Not planned,true,Gigabit White,false,false,false,,false,,,,,eligible for public subsidy
30012383,TA11 6DF,Not planned,true,Gigabit White,false,false,false,,false,,,,,eligible for public subsidy
30012384,TA11 6DF,Not planned,true,Gigabit White,false,false,false,,false,,,,,eligible for public subsidy
30012385,TA11 6DF,Not planned,true,Gigabit White,false,false,false,,false,,,,,eligible for public subsidy
30012392,TA11 6DF,Not planned,true,Gigabit White,false,false,false,,false,,,,,eligible for public subsidy
30012408,TA11 6DF,Not planned,true,Gigabit White,false,false,false,,false,,,,,eligible for public subsidy
30012409,TA11 6DF,Not planned,true,Gigabit White,false,false,false,,false,,,,,eligible for public subsidy
30012410,TA11 6DF,Not planned,true,Gigabit White,false,false,false,,false,,,,,eligible for public subsidy
30012416,TA11 6DF,Not planned,true,Gigabit White,false,false,false,,false,,,,,eligible for public subsidy
30012417,TA11 6DF,Not planned,true,Gigabit White,false,false,false,,false,,,,,eligible for public subsidy
30012418,TA11 6DF,Not planned,true,Gigabit White,false,false,false,,false,,,,,eligible for public subsidy
30012419,TA11 6DF,Not planned,true,Gigabit White,false,false,false,,false,,,,,eligible for public subsidy
30012420,TA11 6DF,Not planned,true,Gigabit White,false,false,false,,false,,,,,eligible for public subsidy
30012421,TA11 6DF,Not planned,true,Gigabit White,false,false,false,,false,,,,,eligible for public subsidy
30012422,TA11 6DF,Not planned,true,Gigabit White,false,false,false,,false,,,,,eligible for public subsidy
30012423,TA11 6DF,Not planned,true,Gigabit White,false,false,false,,false,,,,,eligible for public subsidy
30081242,TA11 6DF,Not planned,true,Gigabit White,false,false,false,,false,,,,,eligible for public subsidy
30081243,TA11 6DF,Planned – Project Gigabit,true,Gigabit Under Review,false,false,false,,true,Wessex Internet Ltd,2029-09-30,Initial,Dorset and South Somerset,
30095202,TA11 6DF,Not planned,true,Gigabit White,false,false,false,,false,,,,,eligible for public subsidy
30100182,TA11 6DF,Not planned,true,Gigabit White,false,false,false,,false,,,,,eligible for public subsidy
30129160,TA11 6DF,Not planned,true,Gigabit White,false,false,false,,false,,,,,eligible for public subsidy
30138903,TA11 6DF,Not planned,true,Gigabit White,false,false,false,,false,,,,,eligible for public subsidy
30505475,TA11 6DF,Not planned,true,Gigabit White,false,false,false,,false,,,,,eligible for public subsidy
250015605,TA11 6DF,Planned – Project Gigabit,true,Gigabit Under Review,false,false,false,,true,Wessex Internet Ltd,2029-09-30,Initial,Dorset and South Somerset,
10096610234,TA11 6DF,Not planned,true,Gigabit White,false,false,false,,false,,,,,eligible for public subsidy
10097172946,TA11 6DF,Not counted by BDUK,false,Gigabit White,false,false,false,,false,,,,,
100040992178,TA11 6DF,Planned – Project Gigabit,true,Gigabit Under Review,false,false,false,,true,Wessex Internet Ltd,2029-09-30,Initial,Dorset and South Somerset,
100040992189,TA11 6DF,Not planned,true,Gigabit White,false,false,false,,false,,,,,eligible for public subsidy
100041173375,TA11 6DF,Not planned,true,Gigabit White,false,false,false,,false,,,,,eligible for public subsidy
30012344,TA11 6DH,Not planned,true,Gigabit White,false,false,false,,false,,,,,eligible for public subsidy
30012346,TA11 6DH,Not planned,true,Gigabit White,false,false,false,,false,,,,,eligible for public subsidy
30012393,TA11 6DH,Not planned,true,Gigabit White,false,false,false,,false,,,,,eligible for public subsidy
30012405,TA11 6DH,Not planned,true,Gigabit White,false,false,false,,false,,,,,eligible for public subsidy
30012424,TA11 6DH,Not planned,true,Gigabit White,false,false,false,,false,,,,,eligible for public subsidy
30012501,TA11 6DH,Not planned,true,Gigabit White,false,false,false,,false,,,,,eligible for public subsidy
30012825,TA11 6DH,Not planned,true,Gigabit White,false,false,false,,false,,,,,eligible for public subsidy
30012831,TA11 6DH,Not planned,true,Gigabit White,false,false,false,,false,,,,,eligible for public subsidy
30098322,TA11 6DH,Not planned,true,Gigabit White,false,false,false,,false,,,,,eligible for public subsidy
30098323,TA11 6DH,Not planned,true,Gigabit White,false,false,false,,false,,,,,eligible for public subsidy
30098324,TA11 6DH,Not planned,true,Gigabit White,false,false,false,,false,,,,,eligible for public subsidy
30128117,TA11 6DH,Not planned,true,Gigabit White,false,false,false,,false,,,,,eligible for public subsidy
30012394,TA11 6DJ,Not planned,true,Gigabit White,false,false,false,,false,,,,,eligible for public subsidy
30012395,TA11 6DJ,Not planned,true,Gigabit White,false,false,false,,false,,,,,eligible for public subsidy
30012396,TA11 6DJ,Not planned,true,Gigabit White,false,false,false,,false,,,,,eligible for public subsidy
30012397,TA11 6DJ,Not planned,true,Gigabit White,false,false,false,,false,,,,,eligible for public subsidy
30012398,TA11 6DJ,Not planned,true,Gigabit White,false,false,false,,false,,,,,eligible for public subsidy
30012399,TA11 6DJ,Not planned,true,Gigabit White,false,false,false,,false,,,,,eligible for public subsidy
30012400,TA11 6DJ,Not planned,true,Gigabit White,false,false,false,,false,,,,,eligible for public subsidy
30012401,TA11 6DJ,Not planned,true,Gigabit White,false,false,false,,false,,,,,eligible for public subsidy
30012402,TA11 6DJ,Not planned,true,Gigabit White,false,false,false,,false,,,,,eligible for public subsidy
30012403,TA11 6DJ,Not planned,true,Gigabit White,false,false,false,,false,,,,,eligible for public subsidy
30012404,TA11 6DJ,Not planned,true,Gigabit White,false,false,false,,false,,,,,eligible for public subsidy
30074948,TA11 6DJ,Not planned,true,Gigabit White,false,false,false,,false,,,,,eligible for public subsidy
30081224,TA11 6DJ,Not planned,true,Gigabit White,false,false,false,,false,,,,,eligible for public subsidy
30097769,TA11 6DJ,Not planned,true,Gigabit White,false,false,false,,false,,,,,eligible for public subsidy
30098169,TA11 6DJ,Not planned,true,Gigabit White,false,false,false,,false,,,,,eligible for public subsidy
30127273,TA11 6DJ,Not planned,true,Gigabit White,false,false,false,,false,,,,,eligible for public subsidy
30081210,TA11 6GS,Planned – Project Gigabit,true,Gigabit Under Review,false,false,false,,true,Wessex Internet Ltd,2029-09-30,Initial,Dorset and South Somerset,
30520555,TA11 6GS,Planned – Project Gigabit,true,Gigabit Under Review,false,false,false,,true,Wessex Internet Ltd,2029-09-30,Initial,Dorset and South Somerset,
10097175437,TA11 6GS,Not planned,true,Gigabit White,false,false,false,,false,,,,,eligible for public subsidy
100040991506,TA11 6GS,Planned – Project Gigabit,true,Gigabit Under Review,false,false,false,,true,Wessex Internet Ltd,2029-09-30,Initial,Dorset and South Somerset,
100040991507,TA11 6GS,Planned – Project Gigabit,true,Gigabit Under Review,false,false,false,,true,Wessex Internet Ltd,2029-09-30,Initial,Dorset and South Somerset,
100040991509,TA11 6GS,Planned – Project Gigabit,true,Gigabit Under Review,false,false,false,,true,Wessex Internet Ltd,2029-09-30,Initial,Dorset and South Somerset,
