uprn,latitude,longitude,easting,northing
30012243,51.0902247,-2.6429301,355069.00,132521.00
30012245,51.0903025,-2.6434881,355030.00,132530.00
30012246,51.0903747,-2.6434463,355033.00,132538.00
30012247,51.0901134,-2.6435426,355026.00,132509.00
30012248,51.0899319,-2.6438399,355005.00,132489.00
30012249,51.0902328,-2.6430873,355058.00,132522.00
30012332,51.0862452,-2.6535403,354322.00,132085.00
30012335,51.0867352,-2.6575592,354041.00,132142.00
30012338,51.0855341,-2.6552721,354200.00,132007.00
30012339,51.0855709,-2.6551156,354211.00,132011.00
30012340,51.0856164,-2.6550163,354218.00,132016.00
30012341,51.0856380,-2.6548948,354226.53,132018.32
30012342,51.0856808,-2.6547602,354236.00,132023.00
30012343,51.0857082,-2.6546892,354241.00,132026.00
30012344,51.0856084,-2.6580430,354006.00,132017.00
30012346,51.0855989,-2.6581285,354000.00,132016.00
30012350,51.0857753,-2.6558872,354157.16,132034.21
30012351,51.0860680,-2.6562791,354130.00,132067.00
30012352,51.0881844,-2.6556951,354173.00,132302.00
30012353,51.0886891,-2.6554880,354188.00,132358.00
30012354,51.0914396,-2.6572975,354064.00,132665.00
30012355,51.0910129,-2.6580054,354014.00,132618.00
30012356,51.0917625,-2.6558313,354167.00,132700.00
30012357,51.0870304,-2.6546222,354247.00,132173.00
30012358,51.0855659,-2.6544017,354261.00,132010.00
30012360,51.0857609,-2.6565175,354113.00,132033.00
30012363,51.0869764,-2.6544801,354256.90,132166.90
30012364,51.0879510,-2.6524078,354403.00,132274.00
30012365,51.0862248,-2.6523550,354405.00,132082.00
30012366,51.0882842,-2.6507134,354522.00,132310.00
30012367,51.0882615,-2.6515555,354463.00,132308.00
30012368,51.0899126,-2.6439040,355000.49,132486.89
30012369,51.0885045,-2.6515303,354465.00,132335.00
30012370,51.0867062,-2.6531042,354353.00,132136.00
30012371,51.0882862,-2.6503565,354547.00,132310.00
30012372,51.0868421,-2.6529348,354365.00,132151.00
30012373,51.0874357,-2.6529003,354368.00,132217.00
30012375,51.0885635,-2.6522308,354416.00,132342.00
30012376,51.0883057,-2.6500855,354566.00,132312.00
30012377,51.0880862,-2.6523669,354406.00,132289.00
30012378,51.0872374,-2.6529832,354362.00,132195.00
30012379,51.0882643,-2.6510558,354498.00,132308.00
30012380,51.0883430,-2.6498433,354583.00,132316.00
30012381,51.0875917,-2.6523456,354407.00,132234.00
30012383,51.0883591,-2.6469450,354786.00,132316.00
30012384,51.0863374,-2.6531276,354351.00,132095.00
30012385,51.0866065,-2.6532456,354343.00,132125.00
30012386,51.0858078,-2.6545764,354249.00,132037.00
30012387,51.0858078,-2.6545764,354249.00,132037.00
30012388,51.0858623,-2.6544630,354257.00,132043.00
30012389,51.0858623,-2.6544630,354257.00,132043.00
30012392,51.0870747,-2.6531379,354351.00,132177.00
30012393,51.0857908,-2.6575887,354038.00,132037.00
30012394,51.0862389,-2.6546539,354244.00,132085.00
30012395,51.0861937,-2.6546961,354241.00,132080.00
30012396,51.0861659,-2.6548527,354230.00,132077.00
30012397,51.0861475,-2.6549239,354225.00,132075.00
30012398,51.0861557,-2.6550667,354215.00,132076.00
30012399,51.0861282,-2.6551520,354209.00,132073.00
30012400,51.0860644,-2.6553082,354198.00,132066.00
30012401,51.0860461,-2.6553650,354194.00,132064.00
30012402,51.0860178,-2.6556073,354177.00,132061.00
30012403,51.0859812,-2.6557210,354169.00,132057.00
30012404,51.0859446,-2.6558205,354162.00,132053.00
30012405,51.0860399,-2.6580634,354005.00,132065.00
30012406,51.0911314,-2.6577357,354033.00,132631.00
30012407,51.0910129,-2.6580054,354014.00,132618.00
30012408,51.0888176,-2.6518060,354446.00,132370.00
30012409,51.0885373,-2.6520877,354426.00,132339.00
30012410,51.0884818,-2.6518013,354446.00,132332.65
30012411,51.0858256,-2.6562043,354135.00,132040.00
30012415,51.0868400,-2.6581033,354003.00,132154.00
30012416,51.0861956,-2.6527544,354377.00,132079.00
30012417,51.0865289,-2.6526448,354385.00,132116.00
30012418,51.0867451,-2.6525907,354389.00,132140.00
30012419,51.0871253,-2.6521249,354422.00,132182.00
30012420,51.0864529,-2.6533719,354334.00,132108.00
30012421,51.0883279,-2.6525559,354393.00,132316.00
30012422,51.0887554,-2.6516766,354455.00,132363.00
30012423,51.0882629,-2.6513128,354480.00,132308.00
30012424,51.0864633,-2.6579409,354014.00,132112.00
30012427,51.0831411,-2.6586647,353960.00,131743.00
30012429,51.0832613,-2.6580668,354002.00,131756.00
30012432,51.0815846,-2.6534572,354323.23,131566.66
30012437,51.0831169,-2.6551338,354207.30,131738.10
30012438,51.0831329,-2.6553239,354194.00,131740.00
30012439,51.0831586,-2.6555527,354178.00,131743.00
30012440,51.0831400,-2.6556524,354171.00,131741.00
30012441,51.0830577,-2.6558939,354154.00,131732.00
30012442,51.0830300,-2.6560220,354145.00,131729.00
30012443,51.0830019,-2.6562357,354130.00,131726.00
30012444,51.0829830,-2.6563925,354119.00,131724.00
30012445,51.0793930,-2.6535581,354314.00,131323.00
30012446,51.0829382,-2.6547644,354233.00,131718.00
30012447,51.0837013,-2.6549750,354219.00,131803.00
30012449,51.0841693,-2.6571498,354067.13,131856.40
30012451,51.0828615,-2.6572046,354062.00,131711.00
30012452,51.0828811,-2.6569193,354082.00,131713.00
30012453,51.0832577,-2.6571102,354069.00,131755.00
30012454,51.0832750,-2.6572390,354060.00,131757.00
30012455,51.0831320,-2.6570799,354071.00,131741.00
30012456,51.0842279,-2.6524697,354395.00,131860.00
30012457,51.0835132,-2.6532449,354340.00,131781.00
30012458,51.0843575,-2.6518148,354441.00,131874.00
30012459,51.0839742,-2.6528088,354371.00,131832.00
30012460,51.0843101,-2.6522424,354411.00,131869.00
30012461,51.0852502,-2.6561819,354136.00,131976.00
30012462,51.0854288,-2.6564128,354120.00,131996.00
30012480,51.0829008,-2.6566198,354103.00,131715.00
30012481,51.0832441,-2.6579238,354012.00,131754.00
30012482,51.0847831,-2.6560896,354142.00,131924.00
30012483,51.0837843,-2.6530060,354357.00,131811.00
30012484,51.0850832,-2.6570932,354072.00,131958.00
30012485,51.0851385,-2.6568656,354088.00,131964.00
30012491,51.0836473,-2.6581865,353994.00,131799.00
30012492,51.0847443,-2.6566030,354106.00,131920.00
30012493,51.0845303,-2.6514603,354466.00,131893.00
30012496,51.0832376,-2.6574954,354042.00,131753.00
30012501,51.0849468,-2.6573769,354052.00,131943.00
30012502,51.0846792,-2.6569876,354079.00,131913.00
30012503,51.0847073,-2.6567881,354093.00,131916.00
30012504,51.0846583,-2.6510909,354492.00,131907.00
30012505,51.0845315,-2.6576565,354032.00,131897.00
30012512,51.0843361,-2.6572254,354062.00,131875.00
30012513,51.0846700,-2.6506056,354526.00,131908.00
30012515,51.0832179,-2.6545970,354245.00,131749.00
30012516,51.0833099,-2.6542271,354271.00,131759.00
30012517,51.0835520,-2.6543447,354263.00,131786.00
30012518,51.0828423,-2.6574327,354046.00,131709.00
30012519,51.0847550,-2.6563034,354127.00,131921.00
30012520,51.0846150,-2.6572151,354063.00,131906.00
30012521,51.0841708,-2.6576828,354029.80,131856.90
30012522,51.0843479,-2.6578481,354018.40,131876.70
30012523,51.0834119,-2.6536718,354310.00,131770.00
30012524,51.0815955,-2.6536747,354308.00,131568.00
30012805,51.0870100,-2.6582627,353992.00,132173.00
30012806,51.0874120,-2.6666495,353405.00,132223.00
30012807,51.0875406,-2.6677508,353328.00,132238.00
30012808,51.0875463,-2.6683220,353288.00,132239.00
30012809,51.0875512,-2.6690360,353238.00,132240.00
30012810,51.0878061,-2.6685312,353273.61,132268.02
30012811,51.0875062,-2.6674647,353348.00,132234.00
30012812,51.0874748,-2.6671516,353369.90,132230.30
30012813,51.0873554,-2.6686905,353262.00,132218.00
30012815,51.0872317,-2.6635630,353621.00,132201.00
30012816,51.0872991,-2.6683099,353288.60,132211.50
30012817,51.0911078,-2.6587207,353964.00,132629.00
30012818,51.0935793,-2.6589699,353949.00,132904.00
30012819,51.0910347,-2.6589338,353949.00,132621.00
30012820,51.0936140,-2.6591846,353934.00,132908.00
30012821,51.0928158,-2.6588163,353959.00,132819.00
30012822,51.0874374,-2.6669212,353386.00,132226.00
30012823,51.0910803,-2.6588202,353957.00,132626.00
30012824,51.0882379,-2.6700310,353169.00,132317.00
30012825,51.0863891,-2.6583396,353986.00,132104.00
30012826,51.0931383,-2.6590351,353944.00,132855.00
30012827,51.0878535,-2.6585745,353971.00,132267.00
30012828,51.0874485,-2.6586402,353966.00,132222.00
30012829,51.0875646,-2.6587703,353957.00,132235.00
30012830,51.0879808,-2.6646731,353544.00,132285.00
30012831,51.0859755,-2.6583195,353987.00,132058.00
30012832,51.0871901,-2.6582082,353996.00,132193.00
30012834,51.0833835,-2.6587253,353956.00,131770.00
30012835,51.0835029,-2.6582844,353987.00,131783.00
30012836,51.0832244,-2.6582376,353990.00,131752.00
30012837,51.0839950,-2.6584042,353979.10,131837.80
30012838,51.0847163,-2.6583730,353982.00,131918.00
30012839,51.0837911,-2.6582028,353993.00,131815.00
30012840,51.0829948,-2.6590910,353930.00,131727.00
30012841,51.0820332,-2.6589774,353937.00,131620.00
30074948,51.0858671,-2.6549028,354226.20,132043.80
30077917,51.0857559,-2.6560041,354148.95,132032.12
30078783,51.0863668,-2.6542987,354269.00,132099.00
30081209,51.0827964,-2.6591881,353923.00,131705.00
30081210,51.0959530,-2.6574042,354061.00,133167.00
30081211,51.0836923,-2.6549892,354218.00,131802.00
30081223,51.0852951,-2.6561968,354135.00,131981.00
30081224,51.0857580,-2.6554323,354189.00,132032.00
30081235,51.0869824,-2.6539490,354294.10,132167.24
30081237,51.0907558,-2.6589584,353947.00,132590.00
30081240,51.0928514,-2.6588882,353954.00,132823.00
30081242,51.0883619,-2.6497557,354589.15,132318.05
30081243,51.0899680,-2.6438119,355007.00,132493.00
30083385,51.0831257,-2.6533965,354329.00,131738.00
30089618,51.0832435,-2.6532268,354341.00,131751.00
30095201,51.0851760,-2.6565806,354108.00,131968.00
30095202,51.0888627,-2.6517924,354447.00,132375.00
30095559,51.0867208,-2.6569165,354086.00,132140.00
30095904,51.0863040,-2.6542836,354270.00,132092.00
30097003,51.0830405,-2.6592815,353916.70,131732.20
30097769,51.0858582,-2.6552053,354205.00,132043.00
30098169,51.0857948,-2.6552758,354200.00,132036.00
30098322,51.0861075,-2.6577274,354028.60,132072.30
30098323,51.0861403,-2.6578078,354023.00,132076.00
30098324,51.0861308,-2.6578933,354017.00,132075.00
30098793,51.0883149,-2.6698591,353181.12,132325.45
30100182,51.0875530,-2.6528306,354373.00,132230.00
30100183,51.0841490,-2.6572909,354057.23,131854.23
30104241,51.0883949,-2.6550412,354219.00,132325.00
30104855,51.0884118,-2.6552414,354205.00,132327.00
30122535,51.0872234,-2.6634486,353629.00,132200.00
30125577,51.0879688,-2.6686960,353262.23,132286.22
30127273,51.0858770,-2.6550485,354216.00,132045.00
30127384,51.0847568,-2.6555230,354181.66,131920.72
30127385,51.0850239,-2.6550039,354218.28,131950.10
30127386,51.0849610,-2.6548928,354226.00,131943.03
30127387,51.0849877,-2.6548138,354231.56,131945.95
30127388,51.0849924,-2.6556500,354173.00,131947.00
30127389,51.0850291,-2.6555220,354182.00,131951.00
30127390,51.0851909,-2.6555386,354181.00,131969.00
30127391,51.0852184,-2.6554390,354188.00,131972.00
30127392,51.0852460,-2.6553252,354196.00,131975.00
30127393,51.0852826,-2.6552115,354204.00,131979.00
30127394,51.0853102,-2.6551119,354211.00,131982.00
30127395,51.0853378,-2.6549981,354219.00,131985.00
30127396,51.0853712,-2.6549202,354224.49,131988.67
30128059,51.0877645,-2.6694254,353210.94,132263.97
30128066,51.0875545,-2.6694069,353212.02,132240.60
30128067,51.0877319,-2.6696862,353192.64,132260.51
30128117,51.0862967,-2.6585025,353974.50,132093.83
30129155,51.0866841,-2.6520823,354424.55,132132.90
30129156,51.0865479,-2.6517100,354450.49,132117.53
30129157,51.0865141,-2.6513476,354475.84,132113.54
30129158,51.0867971,-2.6512571,354482.46,132144.96
30129159,51.0869149,-2.6517949,354444.91,132158.39
30129160,51.0868998,-2.6523438,354406.45,132157.06
30130061,51.0843379,-2.6583472,353983.43,131875.90
30132291,51.0875593,-2.6645395,353552.93,132238.04
30137946,51.0878708,-2.6695583,353201.74,132275.88
30137947,51.0877714,-2.6696441,353195.63,132264.87
30138903,51.0878513,-2.6527636,354377.98,132263.13
30139240,51.0857921,-2.6556633,354172.86,132035.94
30505475,51.0877179,-2.6522903,354411.00,132248.00
30512096,51.0808318,-2.6535498,354316.00,131483.00
30512102,51.0819713,-2.6539941,354286.00,131610.00
30512112,51.0869773,-2.6544787,354257.00,132167.00
30512119,51.0861428,-2.6541528,354279.00,132074.00
30512122,51.0856641,-2.6561306,354140.00,132022.00
30515387,51.0831285,-2.6592927,353916.00,131742.00
30516745,51.0834225,-2.6565986,354105.00,131773.00
30518284,51.0911497,-2.6575952,354042.86,132632.95
30520555,51.0952253,-2.6556946,354180.00,133085.00
30522831,51.0866809,-2.6544174,354261.00,132134.00
30526259,51.0828284,-2.6584985,353971.33,131708.13
250015605,51.0917838,-2.6422949,355115.00,132694.00
10091847642,,,,
10096608213,51.0882299,-2.6692421,353224.25,132315.61
10096608214,51.0880562,-2.6688986,353248.13,132296.07
10096608215,51.0883137,-2.6685649,353271.76,132324.49
10096608216,51.0884428,-2.6689129,353247.52,132339.07
10096608217,51.0885112,-2.6692782,353222.00,132346.91
10096610234,51.0878549,-2.6507848,354516.58,132262.30
10097172946,51.0886844,-2.6510316,354500.11,132354.70
10097175437,51.0959372,-2.6600960,353872.49,133166.93
100040991506,51.0954571,-2.6576528,354043.10,133112.00
100040991507,51.0958212,-2.6568597,354099.00,133152.00
100040991509,51.0960127,-2.6579906,354020.00,133174.00
100040992062,51.0862203,-2.6563669,354124.00,132084.00
100040992065,51.0865137,-2.6569707,354082.00,132117.00
100040992071,51.0863369,-2.6564828,354116.00,132097.04
100040992072,51.0865412,-2.6568712,354089.00,132120.00
100040992178,51.0904490,-2.6430189,355063.00,132546.00
100040992189,51.0887407,-2.6510910,354496.00,132361.00
100041173375,51.0862647,-2.6532693,354341.00,132087.00
100041173453,51.0861988,-2.6569948,354080.00,132082.00
100041173549,51.0864307,-2.6573265,354057.00,132108.00
